<?xml version="1.0"?>
<!-- This Source Code Form is subject to the terms of the Mozilla Public
   - License, v. 2.0. If a copy of the MPL was not distributed with this
   - file, You can obtain one at http://mozilla.org/MPL/2.0/. -->


<bindings id="globalBindings"
   xmlns="http://www.mozilla.org/xbl"
   xmlns:xul="http://www.mozilla.org/keymaster/gatekeeper/there.is.only.xul"
   xmlns:xbl="http://www.mozilla.org/xbl">

  <binding id="radio"
           extends="chrome://global/content/bindings/radio.xml#radio">
    <content>
      <xul:hbox class="radio-check-box1" xbl:inherits="selected,checked,disabled">
        <xul:hbox class="radio-check-box2" flex="1">
          <xul:image class="radio-check" xbl:inherits="selected,checked,disabled"/>
        </xul:hbox>
      </xul:hbox>
      <xul:hbox class="radio-label-box" align="center" flex="1">
        <xul:image class="radio-icon" xbl:inherits="src"/>
        <xul:label class="radio-label" xbl:inherits="xbl:text=label,accesskey,crop" flex="1"/>
      </xul:hbox>
    </content>
  </binding>

  <binding id="radio-with-spacing"
           extends="chrome://global/skin/globalBindings.xml#radio">
    <content>
      <xul:hbox class="radio-spacer-box">
        <xul:hbox class="radio-check-box1" xbl:inherits="selected,checked,disabled">
          <xul:hbox class="radio-check-box2" flex="1">
            <xul:image class="radio-check" xbl:inherits="selected,checked,disabled"/>
          </xul:hbox>
        </xul:hbox>
      </xul:hbox>
      <xul:hbox class="radio-label-center-box" flex="1">
        <xul:hbox class="radio-label-box" flex="1">
          <xul:image class="radio-icon" xbl:inherits="src"/>
          <xul:label class="radio-label" xbl:inherits="xbl:text=label,accesskey,crop" flex="1"/>
        </xul:hbox>
      </xul:hbox>
    </content>
  </binding>

  <binding id="toolbarpaletteitem-spacer"
           extends="chrome://global/content/bindings/toolbar.xml#toolbarpaletteitem">
    <content>
      <xul:spacer class="spacer-left"/>
      <children/>
      <xul:spacer class="spacer-right"/>
    </content>
  </binding>

</bindings>
